ind;mean_R_full;mean_G_full;mean_B_full;mean_H_full;mean_S_full;mean_V_full;mean_L_full;mean_a_full;mean_b_full
0001palmer_sem1_num1lado1;;;;;;;;;
0002palmer_sem1_num1lado2;;;;;;;;;
0003palmer_sem1_num2lado1;;;;;;;;;
0004palmer_sem1_num2lado2;;;;;;;;;
0005palmer_sem1_num3lado1;;;;;;;;;
0006palmer_sem1_num3lado2;;;;;;;;;
0007palmer_sem1_num4lado1;;;;;;;;;
0008palmer_sem1_num4lado2;;;;;;;;;
0009palmer_sem1_num5lado1;;;;;;;;;
0010palmer_sem1_num5lado2;;;;;;;;;
0011palmer_sem1_num6lado1;;;;;;;;;
0012palmer_sem1_num6lado2;;;;;;;;;
0013palmer_sem1_num7lado1;;;;;;;;;
0014palmer_sem1_num7lado2;;;;;;;;;
0015palmer_sem1_num8lado1;;;;;;;;;
0016palmer_sem1_num8lado2;;;;;;;;;
0017palmer_sem1_num9lado1;;;;;;;;;
0018palmer_sem1_num9lado2;;;;;;;;;
0019palmer_sem1_num10lado1;;;;;;;;;
0020palmer_sem1_num10lado2;;;;;;;;;
0021palmer_sem1_num11lado1;;;;;;;;;
0022palmer_sem1_num11lado2;;;;;;;;;
0023palmer_sem1_num12lado1;;;;;;;;;
0024palmer_sem1_num12lado2;;;;;;;;;
0025palmer_sem1_num13lado1;;;;;;;;;
0026palmer_sem1_num13lado2;;;;;;;;;
0027palmer_sem1_num14lado1;;;;;;;;;
0028palmer_sem1_num14lado2;;;;;;;;;
0029palmer_sem1_num15lado1;;;;;;;;;
0030palmer_sem1_num15lado2;;;;;;;;;
0031palmer_sem1_num16lado1;;;;;;;;;
0032palmer_sem1_num16lado2;;;;;;;;;
0033palmer_sem1_num17lado1;;;;;;;;;
0034palmer_sem1_num17lado2;;;;;;;;;
0035palmer_sem1_num18lado1;;;;;;;;;
0036palmer_sem1_num18lado2;;;;;;;;;
0037palmer_sem1_num19lado1;;;;;;;;;
0038palmer_sem1_num19lado2;;;;;;;;;
0039palmer_sem1_num20lado1;;;;;;;;;
0040palmer_sem1_num20lado2;;;;;;;;;
0041palmer_sem1_num21lado1;;;;;;;;;
0042palmer_sem1_num21lado2;;;;;;;;;
0043palmer_sem1_num22lado1;;;;;;;;;
0044palmer_sem1_num22lado2;;;;;;;;;
0045palmer_sem1_num23lado1;;;;;;;;;
0046palmer_sem1_num23lado2;;;;;;;;;
0047palmer_sem1_num24lado1;;;;;;;;;
0048palmer_sem1_num24lado2;;;;;;;;;
0049palmer_sem1_num25lado1;;;;;;;;;
0050palmer_sem1_num25lado2;;;;;;;;;
0051palmer_sem1_num26lado1;;;;;;;;;
0052palmer_sem1_num26lado2;;;;;;;;;
0053palmer_sem1_num27lado1;;;;;;;;;
0054palmer_sem1_num27lado2;;;;;;;;;
0055palmer_sem1_num28lado1;;;;;;;;;
0056palmer_sem1_num28lado2;;;;;;;;;
0057palmer_sem1_num29lado1;;;;;;;;;
0058palmer_sem1_num29lado2;;;;;;;;;
0059palmer_sem1_num30lado1;;;;;;;;;
0060palmer_sem1_num30lado2;;;;;;;;;
0061palmer_sem1_num31lado1;;;;;;;;;
0062palmer_sem1_num31lado2;;;;;;;;;
0063palmer_sem1_num32lado1;;;;;;;;;
0064palmer_sem1_num32lado2;;;;;;;;;
0065palmer_sem1_num33lado1;;;;;;;;;
0066palmer_sem1_num33lado2;;;;;;;;;
0067palmer_sem1_num34lado1;;;;;;;;;
0068palmer_sem1_num34lado2;;;;;;;;;
0069palmer_sem1_num35lado1;;;;;;;;;
0070palmer_sem1_num35lado2;;;;;;;;;
0071palmer_sem1_num36lado1;;;;;;;;;
0072palmer_sem1_num36lado2;;;;;;;;;
0073palmer_sem1_num37lado1;;;;;;;;;
0074palmer_sem1_num37lado2;;;;;;;;;
0075palmer_sem1_num38lado1;;;;;;;;;
0076palmer_sem1_num38lado2;;;;;;;;;
0077palmer_sem1_num39lado1;;;;;;;;;
0078palmer_sem1_num39lado2;;;;;;;;;
0079palmer_sem1_num40lado1;;;;;;;;;
0080palmer_sem1_num40lado2;;;;;;;;;
0081palmer_sem1_num41lado1;;;;;;;;;
0082palmer_sem1_num41lado2;;;;;;;;;
0083palmer_sem1_num42lado1;;;;;;;;;
0084palmer_sem1_num42lado2;;;;;;;;;
0085palmer_sem1_num43lado1;;;;;;;;;
0086palmer_sem1_num43lado2;;;;;;;;;
0087palmer_sem1_num44lado1;;;;;;;;;
0088palmer_sem1_num44lado2;;;;;;;;;
0089palmer_sem1_num45lado1;;;;;;;;;
0090palmer_sem1_num45lado2;;;;;;;;;
0091palmer_sem1_num46lado1;;;;;;;;;
0092palmer_sem1_num46lado2;;;;;;;;;
0093palmer_sem1_num47lado1;;;;;;;;;
0094palmer_sem1_num47lado2;;;;;;;;;
0095palmer_sem1_num48lado1;;;;;;;;;
0096palmer_sem1_num48lado2;;;;;;;;;
0097palmer_sem1_num49lado1;;;;;;;;;
0098palmer_sem1_num49lado2;;;;;;;;;
0099palmer_sem1_num50lado1;;;;;;;;;
0100palmer_sem1_num50lado2;;;;;;;;;
0101palmer_sem1_num51lado1;;;;;;;;;
0102palmer_sem1_num51lado2;;;;;;;;;
0103palmer_sem1_num52lado1;;;;;;;;;
0104palmer_sem1_num52lado2;;;;;;;;;
0105palmer_sem1_num53lado1;;;;;;;;;
0106palmer_sem1_num53lado2;;;;;;;;;
0107palmer_sem1_num54lado1;;;;;;;;;
0108palmer_sem1_num54lado2;;;;;;;;;
0109palmer_sem1_num55lado1;;;;;;;;;
0110palmer_sem1_num55lado2;;;;;;;;;
0111palmer_sem1_num56lado1;;;;;;;;;
0112palmer_sem1_num56lado2;;;;;;;;;
0113palmer_sem1_num57lado1;;;;;;;;;
0114palmer_sem1_num57lado2;;;;;;;;;
0115palmer_sem1_num58lado1;;;;;;;;;
0116palmer_sem1_num58lado2;;;;;;;;;
0117palmer_sem1_num59lado1;;;;;;;;;
0118palmer_sem1_num59lado2;;;;;;;;;
0119palmer_sem1_num60lado1;;;;;;;;;
0120palmer_sem1_num60lado2;;;;;;;;;
0121palmer_sem2_num1lado1;;;;;;;;;
0122palmer_sem2_num1lado2;;;;;;;;;
0123palmer_sem2_num2lado1;;;;;;;;;
0124palmer_sem2_num2lado2;;;;;;;;;
0125palmer_sem2_num3lado1;;;;;;;;;
0126palmer_sem2_num3lado2;;;;;;;;;
0127palmer_sem2_num4lado1;;;;;;;;;
0128palmer_sem2_num4lado2;;;;;;;;;
0129palmer_sem2_num5lado1;;;;;;;;;
0130palmer_sem2_num5lado2;;;;;;;;;
0131palmer_sem2_num6lado1;;;;;;;;;
0132palmer_sem2_num6lado2;;;;;;;;;
0133palmer_sem2_num7lado1;;;;;;;;;
0134palmer_sem2_num7lado2;;;;;;;;;
0135palmer_sem2_num8lado1;;;;;;;;;
0136palmer_sem2_num8lado2;;;;;;;;;
0137palmer_sem2_num9lado1;;;;;;;;;
0138palmer_sem2_num9lado2;;;;;;;;;
0139palmer_sem2_num10lado1;;;;;;;;;
0140palmer_sem2_num10lado2;;;;;;;;;
0141palmer_sem2_num11lado1;;;;;;;;;
0142palmer_sem2_num11lado2;;;;;;;;;
0143palmer_sem2_num12lado1;;;;;;;;;
0144palmer_sem2_num12lado2;;;;;;;;;
0145palmer_sem2_num13lado1;;;;;;;;;
0146palmer_sem2_num13lado2;;;;;;;;;
0147palmer_sem2_num14lado1;;;;;;;;;
0148palmer_sem2_num14lado2;;;;;;;;;
0149palmer_sem2_num15lado1;;;;;;;;;
0150palmer_sem2_num15lado2;;;;;;;;;
0151palmer_sem2_num16lado1;;;;;;;;;
0152palmer_sem2_num16lado2;;;;;;;;;
0153palmer_sem2_num17lado1;;;;;;;;;
0154palmer_sem2_num17lado2;;;;;;;;;
0155palmer_sem2_num18lado1;;;;;;;;;
0156palmer_sem2_num18lado2;;;;;;;;;
0157palmer_sem2_num19lado1;;;;;;;;;
0158palmer_sem2_num19lado2;;;;;;;;;
0159palmer_sem2_num20lado1;;;;;;;;;
0160palmer_sem2_num20lado2;;;;;;;;;
0161palmer_sem2_num21lado1;;;;;;;;;
0162palmer_sem2_num21lado2;;;;;;;;;
0163palmer_sem2_num22lado1;;;;;;;;;
0164palmer_sem2_num22lado2;;;;;;;;;
0165palmer_sem2_num23lado1;;;;;;;;;
0166palmer_sem2_num23lado2;;;;;;;;;
0167palmer_sem2_num24lado1;;;;;;;;;
0168palmer_sem2_num24lado2;;;;;;;;;
0169palmer_sem2_num25lado1;;;;;;;;;
0170palmer_sem2_num25lado2;;;;;;;;;
0171palmer_sem2_num26lado1;;;;;;;;;
0172palmer_sem2_num26lado2;;;;;;;;;
0173palmer_sem2_num27lado1;;;;;;;;;
0174palmer_sem2_num27lado2;;;;;;;;;
0175palmer_sem2_num28lado1;;;;;;;;;
0176palmer_sem2_num28lado2;;;;;;;;;
0177palmer_sem2_num29lado1;;;;;;;;;
0178palmer_sem2_num29lado2;;;;;;;;;
0179palmer_sem2_num30lado1;;;;;;;;;
0180palmer_sem2_num30lado2;;;;;;;;;
0181palmer_sem2_num31lado1;;;;;;;;;
0182palmer_sem2_num31lado2;;;;;;;;;
0183palmer_sem2_num32lado1;;;;;;;;;
0184palmer_sem2_num32lado2;;;;;;;;;
0185palmer_sem2_num33lado1;;;;;;;;;
0186palmer_sem2_num33lado2;;;;;;;;;
0187palmer_sem2_num34lado1;;;;;;;;;
0188palmer_sem2_num34lado2;;;;;;;;;
0189palmer_sem2_num35lado1;;;;;;;;;
0190palmer_sem2_num35lado2;;;;;;;;;
0191palmer_sem2_num36lado1;;;;;;;;;
0192palmer_sem2_num36lado2;;;;;;;;;
0193palmer_sem2_num37lado1;;;;;;;;;
0194palmer_sem2_num37lado2;;;;;;;;;
0195palmer_sem2_num38lado1;;;;;;;;;
0196palmer_sem2_num38lado2;;;;;;;;;
0197palmer_sem2_num39lado1;;;;;;;;;
0198palmer_sem2_num39lado2;;;;;;;;;
0199palmer_sem2_num40lado1;;;;;;;;;
0200palmer_sem2_num40lado2;;;;;;;;;
0201palmer_sem2_num41lado1;;;;;;;;;
0202palmer_sem2_num41lado2;;;;;;;;;
0203palmer_sem2_num42lado1;;;;;;;;;
0204palmer_sem2_num42lado2;;;;;;;;;
0205palmer_sem2_num43lado1;;;;;;;;;
0206palmer_sem2_num43lado2;;;;;;;;;
0207palmer_sem2_num44lado1;;;;;;;;;
0208palmer_sem2_num44lado2;;;;;;;;;
0209palmer_sem2_num45lado1;;;;;;;;;
0210palmer_sem2_num45lado2;;;;;;;;;
0211palmer_sem2_num46lado1;;;;;;;;;
0212palmer_sem2_num46lado2;;;;;;;;;
0213palmer_sem2_num47lado1;;;;;;;;;
0214palmer_sem2_num47lado2;;;;;;;;;
0215palmer_sem2_num48lado1;;;;;;;;;
0216palmer_sem2_num48lado2;;;;;;;;;
0217palmer_sem2_num49lado1;;;;;;;;;
0218palmer_sem2_num49lado2;;;;;;;;;
0219palmer_sem2_num50lado1;;;;;;;;;
0220palmer_sem2_num50lado2;;;;;;;;;
0221palmer_sem2_num51lado1;;;;;;;;;
0222palmer_sem2_num51lado2;;;;;;;;;
0223palmer_sem2_num52lado1;;;;;;;;;
0224palmer_sem2_num52lado2;;;;;;;;;
0225palmer_sem2_num53lado1;;;;;;;;;
0226palmer_sem2_num53lado2;;;;;;;;;
0227palmer_sem2_num54lado1;;;;;;;;;
0228palmer_sem2_num54lado2;;;;;;;;;
0229palmer_sem2_num55lado1;;;;;;;;;
0230palmer_sem2_num55lado2;;;;;;;;;
0231palmer_sem2_num56lado1;;;;;;;;;
0232palmer_sem2_num56lado2;;;;;;;;;
0233palmer_sem2_num57lado1;;;;;;;;;
0234palmer_sem2_num57lado2;;;;;;;;;
0235palmer_sem2_num58lado1;;;;;;;;;
0236palmer_sem2_num58lado2;;;;;;;;;
0237palmer_sem2_num59lado1;;;;;;;;;
0238palmer_sem2_num59lado2;;;;;;;;;
0239palmer_sem2_num60lado1;;;;;;;;;
0240palmer_sem2_num60lado2;;;;;;;;;
0241palmer_sem3_num1lado1;;;;;;;;;
0242palmer_sem3_num1lado2;;;;;;;;;
0243palmer_sem3_num2lado1;;;;;;;;;
0244palmer_sem3_num2lado2;;;;;;;;;
0245palmer_sem3_num3lado1;;;;;;;;;
0246palmer_sem3_num3lado2;;;;;;;;;
0247palmer_sem3_num4lado1;;;;;;;;;
0248palmer_sem3_num4lado2;;;;;;;;;
0249palmer_sem3_num5lado1;;;;;;;;;
0250palmer_sem3_num5lado2;;;;;;;;;
0251palmer_sem3_num6lado1;;;;;;;;;
0252palmer_sem3_num6lado2;;;;;;;;;
0253palmer_sem3_num7lado1;;;;;;;;;
0254palmer_sem3_num7lado2;;;;;;;;;
0255palmer_sem3_num8lado1;;;;;;;;;
0256palmer_sem3_num8lado2;;;;;;;;;
0257palmer_sem3_num9lado1;;;;;;;;;
0258palmer_sem3_num9lado2;;;;;;;;;
0259palmer_sem3_num10lado1;;;;;;;;;
0260palmer_sem3_num10lado2;;;;;;;;;
0261palmer_sem3_num11lado1;;;;;;;;;
0262palmer_sem3_num11lado2;;;;;;;;;
0263palmer_sem3_num12lado1;;;;;;;;;
0264palmer_sem3_num12lado2;;;;;;;;;
0265palmer_sem3_num13lado1;;;;;;;;;
0266palmer_sem3_num13lado2;;;;;;;;;
0267palmer_sem3_num14lado1;;;;;;;;;
0268palmer_sem3_num14lado2;;;;;;;;;
0269palmer_sem3_num15lado1;;;;;;;;;
0270palmer_sem3_num15lado2;;;;;;;;;
0271palmer_sem3_num16lado1;;;;;;;;;
0272palmer_sem3_num16lado2;;;;;;;;;
0273palmer_sem3_num17lado1;;;;;;;;;
0274palmer_sem3_num17lado2;;;;;;;;;
0275palmer_sem3_num18lado1;;;;;;;;;
0276palmer_sem3_num18lado2;;;;;;;;;
0277palmer_sem3_num19lado1;;;;;;;;;
0278palmer_sem3_num19lado2;;;;;;;;;
0279palmer_sem3_num20lado1;;;;;;;;;
0280palmer_sem3_num20lado2;;;;;;;;;
0281palmer_sem3_num21lado1;;;;;;;;;
0282palmer_sem3_num21lado2;;;;;;;;;
0283palmer_sem3_num22lado1;;;;;;;;;
0284palmer_sem3_num22lado2;;;;;;;;;
0285palmer_sem3_num23lado1;;;;;;;;;
0286palmer_sem3_num23lado2;;;;;;;;;
0287palmer_sem3_num24lado1;;;;;;;;;
0288palmer_sem3_num24lado2;;;;;;;;;
0289palmer_sem3_num25lado1;;;;;;;;;
0290palmer_sem3_num25lado2;;;;;;;;;
0291palmer_sem3_num26lado1;;;;;;;;;
0292palmer_sem3_num26lado2;;;;;;;;;
0293palmer_sem3_num27lado1;;;;;;;;;
0294palmer_sem3_num27lado2;;;;;;;;;
0295palmer_sem3_num28lado1;;;;;;;;;
0296palmer_sem3_num28lado2;;;;;;;;;
0297palmer_sem3_num29lado1;;;;;;;;;
0298palmer_sem3_num29lado2;;;;;;;;;
0299palmer_sem3_num30lado1;;;;;;;;;
0300palmer_sem3_num30lado2;;;;;;;;;
0301palmer_sem3_num31lado1;;;;;;;;;
0302palmer_sem3_num31lado2;;;;;;;;;
0303palmer_sem3_num32lado1;;;;;;;;;
0304palmer_sem3_num32lado2;;;;;;;;;
0305palmer_sem3_num33lado1;;;;;;;;;
0306palmer_sem3_num33lado2;;;;;;;;;
0307palmer_sem3_num34lado1;;;;;;;;;
0308palmer_sem3_num34lado2;;;;;;;;;
0309palmer_sem3_num35lado1;;;;;;;;;
0310palmer_sem3_num35lado2;;;;;;;;;
0311palmer_sem3_num36lado1;;;;;;;;;
0312palmer_sem3_num36lado2;;;;;;;;;
0313palmer_sem3_num37lado1;;;;;;;;;
0314palmer_sem3_num37lado2;;;;;;;;;
0315palmer_sem3_num38lado1;;;;;;;;;
0316palmer_sem3_num38lado2;;;;;;;;;
0317palmer_sem3_num39lado1;;;;;;;;;
0318palmer_sem3_num39lado2;;;;;;;;;
0319palmer_sem3_num40lado1;;;;;;;;;
0320palmer_sem3_num40lado2;;;;;;;;;
0321palmer_sem3_num41lado1;;;;;;;;;
0322palmer_sem3_num41lado2;;;;;;;;;
0323palmer_sem3_num42lado1;;;;;;;;;
0324palmer_sem3_num42lado2;;;;;;;;;
0325palmer_sem3_num43lado1;;;;;;;;;
0326palmer_sem3_num43lado2;;;;;;;;;
0327palmer_sem3_num44lado1;;;;;;;;;
0328palmer_sem3_num44lado2;;;;;;;;;
0329palmer_sem3_num45lado1;;;;;;;;;
0330palmer_sem3_num45lado2;;;;;;;;;
0331palmer_sem3_num46lado1;;;;;;;;;
0332palmer_sem3_num46lado2;;;;;;;;;
0333palmer_sem3_num47lado1;;;;;;;;;
0334palmer_sem3_num47lado2;;;;;;;;;
0335palmer_sem3_num48lado1;;;;;;;;;
0336palmer_sem3_num48lado2;;;;;;;;;
0337palmer_sem3_num49lado1;;;;;;;;;
0338palmer_sem3_num49lado2;;;;;;;;;
0339palmer_sem3_num50lado1;;;;;;;;;
0340palmer_sem3_num50lado2;;;;;;;;;
0341palmer_sem3_num51lado1;;;;;;;;;
0342palmer_sem3_num51lado2;;;;;;;;;
0343palmer_sem3_num52lado1;;;;;;;;;
0344palmer_sem3_num52lado2;;;;;;;;;
0345palmer_sem3_num53lado1;;;;;;;;;
0346palmer_sem3_num53lado2;;;;;;;;;
0347palmer_sem3_num54lado1;;;;;;;;;
0348palmer_sem3_num54lado2;;;;;;;;;
0349palmer_sem3_num55lado1;;;;;;;;;
0350palmer_sem3_num55lado2;;;;;;;;;
0351palmer_sem3_num56lado1;;;;;;;;;
0352palmer_sem3_num56lado2;;;;;;;;;
0353palmer_sem3_num57lado1;;;;;;;;;
0354palmer_sem3_num57lado2;;;;;;;;;
0355palmer_sem3_num58lado1;;;;;;;;;
0356palmer_sem3_num58lado2;;;;;;;;;
0357palmer_sem3_num59lado1;;;;;;;;;
0358palmer_sem3_num59lado2;;;;;;;;;
0359palmer_sem3_num60lado1;;;;;;;;;
0360palmer_sem3_num60lado2;;;;;;;;;
0361palmer_sem4_num1lado1;;;;;;;;;
0362palmer_sem4_num1lado2;;;;;;;;;
0363palmer_sem4_num2lado1;;;;;;;;;
0364palmer_sem4_num2lado2;;;;;;;;;
0365palmer_sem4_num3lado1;;;;;;;;;
0366palmer_sem4_num3lado2;;;;;;;;;
0367palmer_sem4_num4lado1;;;;;;;;;
0368palmer_sem4_num4lado2;;;;;;;;;
0369palmer_sem4_num5lado1;;;;;;;;;
0370palmer_sem4_num5lado2;;;;;;;;;
0371palmer_sem4_num6lado1;;;;;;;;;
0372palmer_sem4_num6lado2;;;;;;;;;
0373palmer_sem4_num7lado1;;;;;;;;;
0374palmer_sem4_num7lado2;;;;;;;;;
0375palmer_sem4_num8lado1;;;;;;;;;
0376palmer_sem4_num8lado2;;;;;;;;;
0377palmer_sem4_num9lado1;;;;;;;;;
0378palmer_sem4_num9lado2;;;;;;;;;
0379palmer_sem4_num10lado1;;;;;;;;;
0380palmer_sem4_num10lado2;;;;;;;;;
0381palmer_sem4_num11lado1;;;;;;;;;
0382palmer_sem4_num11lado2;;;;;;;;;
0383palmer_sem4_num12lado1;;;;;;;;;
0384palmer_sem4_num12lado2;;;;;;;;;
0385palmer_sem4_num13lado1;;;;;;;;;
0386palmer_sem4_num13lado2;;;;;;;;;
0387palmer_sem4_num14lado1;;;;;;;;;
0388palmer_sem4_num14lado2;;;;;;;;;
0389palmer_sem4_num15lado1;;;;;;;;;
0390palmer_sem4_num15lado2;;;;;;;;;
0391palmer_sem4_num16lado1;;;;;;;;;
0392palmer_sem4_num16lado2;;;;;;;;;
0393palmer_sem4_num17lado1;;;;;;;;;
0394palmer_sem4_num17lado2;;;;;;;;;
0395palmer_sem4_num18lado1;;;;;;;;;
0396palmer_sem4_num18lado2;;;;;;;;;
0397palmer_sem4_num19lado1;;;;;;;;;
0398palmer_sem4_num19lado2;;;;;;;;;
0399palmer_sem4_num20lado1;;;;;;;;;
0400palmer_sem4_num20lado2;;;;;;;;;
0401palmer_sem4_num21lado1;;;;;;;;;
0402palmer_sem4_num21lado2;;;;;;;;;
0403palmer_sem4_num22lado1;;;;;;;;;
0404palmer_sem4_num22lado2;;;;;;;;;
0405palmer_sem4_num23lado1;;;;;;;;;
0406palmer_sem4_num23lado2;;;;;;;;;
0407palmer_sem4_num24lado1;;;;;;;;;
0408palmer_sem4_num24lado2;;;;;;;;;
0409palmer_sem4_num25lado1;;;;;;;;;
0410palmer_sem4_num25lado2;;;;;;;;;
0411palmer_sem4_num26lado1;;;;;;;;;
0412palmer_sem4_num26lado2;;;;;;;;;
0413palmer_sem4_num27lado1;;;;;;;;;
0414palmer_sem4_num27lado2;;;;;;;;;
0415palmer_sem4_num28lado1;;;;;;;;;
0416palmer_sem4_num28lado2;;;;;;;;;
0417palmer_sem4_num29lado1;;;;;;;;;
0418palmer_sem4_num29lado2;;;;;;;;;
0419palmer_sem4_num30lado1;;;;;;;;;
0420palmer_sem4_num30lado2;;;;;;;;;
0421palmer_sem4_num31lado1;;;;;;;;;
0422palmer_sem4_num31lado2;;;;;;;;;
0423palmer_sem4_num32lado1;;;;;;;;;
0424palmer_sem4_num32lado2;;;;;;;;;
0425palmer_sem4_num33lado1;;;;;;;;;
0426palmer_sem4_num33lado2;;;;;;;;;
0427palmer_sem4_num34lado1;;;;;;;;;
0428palmer_sem4_num34lado2;;;;;;;;;
0429palmer_sem4_num35lado1;;;;;;;;;
0430palmer_sem4_num35lado2;;;;;;;;;
0431palmer_sem4_num36lado1;;;;;;;;;
0432palmer_sem4_num36lado2;;;;;;;;;
0433palmer_sem4_num37lado1;;;;;;;;;
0434palmer_sem4_num37lado2;;;;;;;;;
0435palmer_sem4_num38lado1;;;;;;;;;
0436palmer_sem4_num38lado2;;;;;;;;;
0437palmer_sem4_num39lado1;;;;;;;;;
0438palmer_sem4_num39lado2;;;;;;;;;
0439palmer_sem4_num40lado1;;;;;;;;;
0440palmer_sem4_num40lado2;;;;;;;;;
0441palmer_sem4_num41lado1;;;;;;;;;
0442palmer_sem4_num41lado2;;;;;;;;;
0443palmer_sem4_num42lado1;;;;;;;;;
0444palmer_sem4_num42lado2;;;;;;;;;
0445palmer_sem4_num43lado1;;;;;;;;;
0446palmer_sem4_num43lado2;;;;;;;;;
0447palmer_sem4_num44lado1;;;;;;;;;
0448palmer_sem4_num44lado2;;;;;;;;;
0449palmer_sem4_num45lado1;;;;;;;;;
0450palmer_sem4_num45lado2;;;;;;;;;
0451palmer_sem4_num46lado1;;;;;;;;;
0452palmer_sem4_num46lado2;;;;;;;;;
0453palmer_sem4_num47lado1;;;;;;;;;
0454palmer_sem4_num47lado2;;;;;;;;;
0455palmer_sem4_num48lado1;;;;;;;;;
0456palmer_sem4_num48lado2;;;;;;;;;
0457palmer_sem4_num49lado1;;;;;;;;;
0458palmer_sem4_num49lado2;;;;;;;;;
0459palmer_sem4_num50lado1;;;;;;;;;
0460palmer_sem4_num50lado2;;;;;;;;;
0461palmer_sem4_num51lado1;;;;;;;;;
0462palmer_sem4_num51lado2;;;;;;;;;
0463palmer_sem4_num52lado1;;;;;;;;;
0464palmer_sem4_num52lado2;;;;;;;;;
0465palmer_sem4_num53lado1;;;;;;;;;
0466palmer_sem4_num53lado2;;;;;;;;;
0467palmer_sem4_num54lado1;;;;;;;;;
0468palmer_sem4_num54lado2;;;;;;;;;
0469palmer_sem4_num55lado1;;;;;;;;;
0470palmer_sem4_num55lado2;;;;;;;;;
0471palmer_sem4_num56lado1;;;;;;;;;
0472palmer_sem4_num56lado2;;;;;;;;;
0473palmer_sem4_num57lado1;;;;;;;;;
0474palmer_sem4_num57lado2;;;;;;;;;
0475palmer_sem4_num58lado1;;;;;;;;;
0476palmer_sem4_num58lado2;;;;;;;;;
0477palmer_sem4_num59lado1;;;;;;;;;
0478palmer_sem4_num59lado2;;;;;;;;;
0479palmer_sem4_num60lado1;;;;;;;;;
0480palmer_sem4_num60lado2;;;;;;;;;
0481palmer_sem5_num1lado1;;;;;;;;;
0482palmer_sem5_num1lado2;;;;;;;;;
0483palmer_sem5_num2lado1;;;;;;;;;
0484palmer_sem5_num2lado2;;;;;;;;;
0485palmer_sem5_num3lado1;;;;;;;;;
0486palmer_sem5_num3lado2;;;;;;;;;
0487palmer_sem5_num4lado1;;;;;;;;;
0488palmer_sem5_num4lado2;;;;;;;;;
0489palmer_sem5_num5lado1;;;;;;;;;
0490palmer_sem5_num5lado2;;;;;;;;;
0491palmer_sem5_num6lado1;;;;;;;;;
0492palmer_sem5_num6lado2;;;;;;;;;
0493palmer_sem5_num7lado1;;;;;;;;;
0494palmer_sem5_num7lado2;;;;;;;;;
0495palmer_sem5_num8lado1;;;;;;;;;
0496palmer_sem5_num8lado2;;;;;;;;;
0497palmer_sem5_num9lado1;;;;;;;;;
0498palmer_sem5_num9lado2;;;;;;;;;
0499palmer_sem5_num10lado1;;;;;;;;;
0500palmer_sem5_num10lado2;;;;;;;;;
0501palmer_sem5_num11lado1;;;;;;;;;
0502palmer_sem5_num11lado2;;;;;;;;;
0503palmer_sem5_num12lado1;;;;;;;;;
0504palmer_sem5_num12lado2;;;;;;;;;
0505palmer_sem5_num13lado1;;;;;;;;;
0506palmer_sem5_num13lado2;;;;;;;;;
0507palmer_sem5_num14lado1;;;;;;;;;
0508palmer_sem5_num14lado2;;;;;;;;;
0509palmer_sem5_num15lado1;;;;;;;;;
0510palmer_sem5_num15lado2;;;;;;;;;
0511palmer_sem5_num16lado1;;;;;;;;;
0512palmer_sem5_num16lado2;;;;;;;;;
0513palmer_sem5_num17lado1;;;;;;;;;
0514palmer_sem5_num17lado2;;;;;;;;;
0515palmer_sem5_num18lado1;;;;;;;;;
0516palmer_sem5_num18lado2;;;;;;;;;
0517palmer_sem5_num19lado1;;;;;;;;;
0518palmer_sem5_num19lado2;;;;;;;;;
0519palmer_sem5_num20lado1;;;;;;;;;
0520palmer_sem5_num20lado2;;;;;;;;;
0521palmer_sem5_num21lado1;;;;;;;;;
0522palmer_sem5_num21lado2;;;;;;;;;
0523palmer_sem5_num22lado1;;;;;;;;;
0524palmer_sem5_num22lado2;;;;;;;;;
0525palmer_sem5_num23lado1;;;;;;;;;
0526palmer_sem5_num23lado2;;;;;;;;;
0527palmer_sem5_num24lado1;;;;;;;;;
0528palmer_sem5_num24lado2;;;;;;;;;
0529palmer_sem5_num25lado1;;;;;;;;;
0530palmer_sem5_num25lado2;;;;;;;;;
0531palmer_sem5_num26lado1;;;;;;;;;
0532palmer_sem5_num26lado2;;;;;;;;;
0533palmer_sem5_num27lado1;;;;;;;;;
0534palmer_sem5_num27lado2;;;;;;;;;
0535palmer_sem5_num28lado1;;;;;;;;;
0536palmer_sem5_num28lado2;;;;;;;;;
0537palmer_sem5_num29lado1;;;;;;;;;
0538palmer_sem5_num29lado2;;;;;;;;;
0539palmer_sem5_num30lado1;;;;;;;;;
0540palmer_sem5_num30lado2;;;;;;;;;
0541palmer_sem5_num31lado1;;;;;;;;;
0542palmer_sem5_num31lado2;;;;;;;;;
0543palmer_sem5_num32lado1;;;;;;;;;
0544palmer_sem5_num32lado2;;;;;;;;;
0545palmer_sem5_num33lado1;;;;;;;;;
0546palmer_sem5_num33lado2;;;;;;;;;
0547palmer_sem5_num34lado1;;;;;;;;;
0548palmer_sem5_num34lado2;;;;;;;;;
0549palmer_sem5_num35lado1;;;;;;;;;
0550palmer_sem5_num35lado2;;;;;;;;;
0551palmer_sem5_num36lado1;;;;;;;;;
0552palmer_sem5_num36lado2;;;;;;;;;
0553palmer_sem5_num37lado1;;;;;;;;;
0554palmer_sem5_num37lado2;;;;;;;;;
0555palmer_sem5_num38lado1;;;;;;;;;
0556palmer_sem5_num38lado2;;;;;;;;;
0557palmer_sem5_num39lado1;;;;;;;;;
0558palmer_sem5_num39lado2;;;;;;;;;
0559palmer_sem5_num40lado1;;;;;;;;;
0560palmer_sem5_num40lado2;;;;;;;;;
0561palmer_sem5_num41lado1;;;;;;;;;
0562palmer_sem5_num41lado2;;;;;;;;;
0563palmer_sem5_num42lado1;;;;;;;;;
0564palmer_sem5_num42lado2;;;;;;;;;
0565palmer_sem5_num43lado1;;;;;;;;;
0566palmer_sem5_num43lado2;;;;;;;;;
0567palmer_sem5_num44lado1;;;;;;;;;
0568palmer_sem5_num44lado2;;;;;;;;;
0569palmer_sem5_num45lado1;;;;;;;;;
0570palmer_sem5_num45lado2;;;;;;;;;
0571palmer_sem5_num46lado1;;;;;;;;;
0572palmer_sem5_num46lado2;;;;;;;;;
0573palmer_sem5_num47lado1;;;;;;;;;
0574palmer_sem5_num47lado2;;;;;;;;;
0575palmer_sem5_num48lado1;;;;;;;;;
0576palmer_sem5_num48lado2;;;;;;;;;
0577palmer_sem5_num49lado1;;;;;;;;;
0578palmer_sem5_num49lado2;;;;;;;;;
0579palmer_sem5_num50lado1;;;;;;;;;
0580palmer_sem5_num50lado2;;;;;;;;;
0581palmer_sem5_num51lado1;;;;;;;;;
0582palmer_sem5_num51lado2;;;;;;;;;
0583palmer_sem5_num52lado1;;;;;;;;;
0584palmer_sem5_num52lado2;;;;;;;;;
0585palmer_sem5_num53lado1;;;;;;;;;
0586palmer_sem5_num53lado2;;;;;;;;;
0587palmer_sem5_num54lado1;;;;;;;;;
0588palmer_sem5_num54lado2;;;;;;;;;
0589palmer_sem5_num55lado1;;;;;;;;;
0590palmer_sem5_num55lado2;;;;;;;;;
0591palmer_sem5_num56lado1;;;;;;;;;
0592palmer_sem5_num56lado2;;;;;;;;;
0593palmer_sem5_num57lado1;;;;;;;;;
0594palmer_sem5_num57lado2;;;;;;;;;
0595palmer_sem5_num58lado1;;;;;;;;;
0596palmer_sem5_num58lado2;;;;;;;;;
0597palmer_sem5_num59lado1;;;;;;;;;
0598palmer_sem5_num59lado2;;;;;;;;;
0599palmer_sem5_num60lado1;;;;;;;;;
0600palmer_sem5_num60lado2;;;;;;;;;
0601palmer_sem6_num1lado1;;;;;;;;;
0602palmer_sem6_num1lado2;;;;;;;;;
0603palmer_sem6_num2lado1;;;;;;;;;
0604palmer_sem6_num2lado2;;;;;;;;;
0605palmer_sem6_num3lado1;;;;;;;;;
0606palmer_sem6_num3lado2;;;;;;;;;
0607palmer_sem6_num4lado1;;;;;;;;;
0608palmer_sem6_num4lado2;;;;;;;;;
0609palmer_sem6_num5lado1;;;;;;;;;
0610palmer_sem6_num5lado2;;;;;;;;;
0611palmer_sem6_num6lado1;;;;;;;;;
0612palmer_sem6_num6lado2;;;;;;;;;
0613palmer_sem6_num7lado1;;;;;;;;;
0614palmer_sem6_num7lado2;;;;;;;;;
0615palmer_sem6_num8lado1;;;;;;;;;
0616palmer_sem6_num8lado2;;;;;;;;;
0617palmer_sem6_num9lado1;;;;;;;;;
0618palmer_sem6_num9lado2;;;;;;;;;
0619palmer_sem6_num10lado1;;;;;;;;;
0620palmer_sem6_num10lado2;;;;;;;;;
0621palmer_sem6_num11lado1;;;;;;;;;
0622palmer_sem6_num11lado2;;;;;;;;;
0623palmer_sem6_num12lado1;;;;;;;;;
0624palmer_sem6_num12lado2;;;;;;;;;
0625palmer_sem6_num13lado1;;;;;;;;;
0626palmer_sem6_num13lado2;;;;;;;;;
0627palmer_sem6_num14lado1;;;;;;;;;
0628palmer_sem6_num14lado2;;;;;;;;;
0629palmer_sem6_num15lado1;;;;;;;;;
0630palmer_sem6_num15lado2;;;;;;;;;
0631palmer_sem6_num16lado1;;;;;;;;;
0632palmer_sem6_num16lado2;;;;;;;;;
0633palmer_sem6_num17lado1;;;;;;;;;
0634palmer_sem6_num17lado2;;;;;;;;;
0635palmer_sem6_num18lado1;;;;;;;;;
0636palmer_sem6_num18lado2;;;;;;;;;
0637palmer_sem6_num19lado1;;;;;;;;;
0638palmer_sem6_num19lado2;;;;;;;;;
0639palmer_sem6_num20lado1;;;;;;;;;
0640palmer_sem6_num20lado2;;;;;;;;;
0641palmer_sem6_num21lado1;;;;;;;;;
0642palmer_sem6_num21lado2;;;;;;;;;
0643palmer_sem6_num22lado1;;;;;;;;;
0644palmer_sem6_num22lado2;;;;;;;;;
0645palmer_sem6_num23lado1;;;;;;;;;
0646palmer_sem6_num23lado2;;;;;;;;;
0647palmer_sem6_num24lado1;;;;;;;;;
0648palmer_sem6_num24lado2;;;;;;;;;
0649palmer_sem6_num25lado1;;;;;;;;;
0650palmer_sem6_num25lado2;;;;;;;;;
0651palmer_sem6_num26lado1;;;;;;;;;
0652palmer_sem6_num26lado2;;;;;;;;;
0653palmer_sem6_num27lado1;;;;;;;;;
0654palmer_sem6_num27lado2;;;;;;;;;
0655palmer_sem6_num28lado1;;;;;;;;;
0656palmer_sem6_num28lado2;;;;;;;;;
0657palmer_sem6_num29lado1;;;;;;;;;
0658palmer_sem6_num29lado2;;;;;;;;;
0659palmer_sem6_num30lado1;;;;;;;;;
0660palmer_sem6_num30lado2;;;;;;;;;
0661palmer_sem6_num31lado1;;;;;;;;;
0662palmer_sem6_num31lado2;;;;;;;;;
0663palmer_sem6_num32lado1;;;;;;;;;
0664palmer_sem6_num32lado2;;;;;;;;;
0665palmer_sem6_num33lado1;;;;;;;;;
0666palmer_sem6_num33lado2;;;;;;;;;
0667palmer_sem6_num34lado1;;;;;;;;;
0668palmer_sem6_num34lado2;;;;;;;;;
0669palmer_sem6_num35lado1;;;;;;;;;
0670palmer_sem6_num35lado2;;;;;;;;;
0671palmer_sem6_num36lado1;;;;;;;;;
0672palmer_sem6_num36lado2;;;;;;;;;
0673palmer_sem6_num37lado1;;;;;;;;;
0674palmer_sem6_num37lado2;;;;;;;;;
0675palmer_sem6_num38lado1;;;;;;;;;
0676palmer_sem6_num38lado2;;;;;;;;;
0677palmer_sem6_num39lado1;;;;;;;;;
0678palmer_sem6_num39lado2;;;;;;;;;
0679palmer_sem6_num40lado1;;;;;;;;;
0680palmer_sem6_num40lado2;;;;;;;;;
0681palmer_sem6_num41lado1;;;;;;;;;
0682palmer_sem6_num41lado2;;;;;;;;;
0683palmer_sem6_num42lado1;;;;;;;;;
0684palmer_sem6_num42lado2;;;;;;;;;
0685palmer_sem6_num43lado1;;;;;;;;;
0686palmer_sem6_num43lado2;;;;;;;;;
0687palmer_sem6_num44lado1;;;;;;;;;
0688palmer_sem6_num44lado2;;;;;;;;;
0689palmer_sem6_num45lado1;;;;;;;;;
0690palmer_sem6_num45lado2;;;;;;;;;
0691palmer_sem6_num46lado1;;;;;;;;;
0692palmer_sem6_num46lado2;;;;;;;;;
0693palmer_sem6_num47lado1;;;;;;;;;
0694palmer_sem6_num47lado2;;;;;;;;;
0695palmer_sem6_num48lado1;;;;;;;;;
0696palmer_sem6_num48lado2;;;;;;;;;
0697palmer_sem6_num49lado1;;;;;;;;;
0698palmer_sem6_num49lado2;;;;;;;;;
0699palmer_sem6_num50lado1;;;;;;;;;
0700palmer_sem6_num50lado2;;;;;;;;;
0701palmer_sem6_num51lado1;;;;;;;;;
0702palmer_sem6_num51lado2;;;;;;;;;
0703palmer_sem6_num52lado1;;;;;;;;;
0704palmer_sem6_num52lado2;;;;;;;;;
0705palmer_sem6_num53lado1;;;;;;;;;
0706palmer_sem6_num53lado2;;;;;;;;;
0707palmer_sem6_num54lado1;;;;;;;;;
0708palmer_sem6_num54lado2;;;;;;;;;
0709palmer_sem6_num55lado1;;;;;;;;;
0710palmer_sem6_num55lado2;;;;;;;;;
0711palmer_sem6_num56lado1;;;;;;;;;
0712palmer_sem6_num56lado2;;;;;;;;;
0713palmer_sem6_num57lado1;;;;;;;;;
0714palmer_sem6_num57lado2;;;;;;;;;
0715palmer_sem6_num58lado1;;;;;;;;;
0716palmer_sem6_num58lado2;;;;;;;;;
0717palmer_sem6_num59lado1;;;;;;;;;
0718palmer_sem6_num59lado2;;;;;;;;;
0719palmer_sem6_num60lado1;;;;;;;;;
0720palmer_sem6_num60lado2;;;;;;;;;
0721palmer_sem7_num1lado1;;;;;;;;;
0722palmer_sem7_num1lado2;;;;;;;;;
0723palmer_sem7_num2lado1;;;;;;;;;
0724palmer_sem7_num2lado2;;;;;;;;;
0725palmer_sem7_num3lado1;;;;;;;;;
0726palmer_sem7_num3lado2;;;;;;;;;
0727palmer_sem7_num4lado1;;;;;;;;;
0728palmer_sem7_num4lado2;;;;;;;;;
0729palmer_sem7_num5lado1;;;;;;;;;
0730palmer_sem7_num5lado2;;;;;;;;;
0731palmer_sem7_num6lado1;;;;;;;;;
0732palmer_sem7_num6lado2;;;;;;;;;
0733palmer_sem7_num7lado1;;;;;;;;;
0734palmer_sem7_num7lado2;;;;;;;;;
0735palmer_sem7_num8lado1;;;;;;;;;
0736palmer_sem7_num8lado2;;;;;;;;;
0737palmer_sem7_num9lado1;;;;;;;;;
0738palmer_sem7_num9lado2;;;;;;;;;
0739palmer_sem7_num10lado1;;;;;;;;;
0740palmer_sem7_num10lado2;;;;;;;;;
0741palmer_sem7_num11lado1;;;;;;;;;
0742palmer_sem7_num11lado2;;;;;;;;;
0743palmer_sem7_num12lado1;;;;;;;;;
0744palmer_sem7_num12lado2;;;;;;;;;
0745palmer_sem7_num13lado1;;;;;;;;;
0746palmer_sem7_num13lado2;;;;;;;;;
0747palmer_sem7_num14lado1;;;;;;;;;
0748palmer_sem7_num14lado2;;;;;;;;;
0749palmer_sem7_num15lado1;;;;;;;;;
0750palmer_sem7_num15lado2;;;;;;;;;
0751palmer_sem7_num16lado1;;;;;;;;;
0752palmer_sem7_num16lado2;;;;;;;;;
0753palmer_sem7_num17lado1;;;;;;;;;
0754palmer_sem7_num17lado2;;;;;;;;;
0755palmer_sem7_num18lado1;;;;;;;;;
0756palmer_sem7_num18lado2;;;;;;;;;
0757palmer_sem7_num19lado1;;;;;;;;;
0758palmer_sem7_num19lado2;;;;;;;;;
0759palmer_sem7_num20lado1;;;;;;;;;
0760palmer_sem7_num20lado2;;;;;;;;;
0761palmer_sem7_num21lado1;;;;;;;;;
0762palmer_sem7_num21lado2;;;;;;;;;
0763palmer_sem7_num22lado1;;;;;;;;;
0764palmer_sem7_num22lado2;;;;;;;;;
0765palmer_sem7_num23lado1;;;;;;;;;
0766palmer_sem7_num23lado2;;;;;;;;;
0767palmer_sem7_num24lado1;;;;;;;;;
0768palmer_sem7_num24lado2;;;;;;;;;
0769palmer_sem7_num25lado1;;;;;;;;;
0770palmer_sem7_num25lado2;;;;;;;;;
0771palmer_sem7_num26lado1;;;;;;;;;
0772palmer_sem7_num26lado2;;;;;;;;;
0773palmer_sem7_num27lado1;;;;;;;;;
0774palmer_sem7_num27lado2;;;;;;;;;
0775palmer_sem7_num28lado1;;;;;;;;;
0776palmer_sem7_num28lado2;;;;;;;;;
0777palmer_sem7_num29lado1;;;;;;;;;
0778palmer_sem7_num29lado2;;;;;;;;;
0779palmer_sem7_num30lado1;;;;;;;;;
0780palmer_sem7_num30lado2;;;;;;;;;
0781palmer_sem7_num31lado1;;;;;;;;;
0782palmer_sem7_num31lado2;;;;;;;;;
0783palmer_sem7_num32lado1;;;;;;;;;
0784palmer_sem7_num32lado2;;;;;;;;;
0785palmer_sem7_num33lado1;;;;;;;;;
0786palmer_sem7_num33lado2;;;;;;;;;
0787palmer_sem7_num34lado1;;;;;;;;;
0788palmer_sem7_num34lado2;;;;;;;;;
0789palmer_sem7_num35lado1;;;;;;;;;
0790palmer_sem7_num35lado2;;;;;;;;;
0791palmer_sem7_num36lado1;;;;;;;;;
0792palmer_sem7_num36lado2;;;;;;;;;
0793palmer_sem7_num37lado1;;;;;;;;;
0794palmer_sem7_num37lado2;;;;;;;;;
0795palmer_sem7_num38lado1;;;;;;;;;
0796palmer_sem7_num38lado2;;;;;;;;;
0797palmer_sem7_num39lado1;;;;;;;;;
0798palmer_sem7_num39lado2;;;;;;;;;
0799palmer_sem7_num40lado1;;;;;;;;;
0800palmer_sem7_num40lado2;;;;;;;;;
0801palmer_sem7_num41lado1;;;;;;;;;
0802palmer_sem7_num41lado2;;;;;;;;;
0803palmer_sem7_num42lado1;;;;;;;;;
0804palmer_sem7_num42lado2;;;;;;;;;
0805palmer_sem7_num43lado1;;;;;;;;;
0806palmer_sem7_num43lado2;;;;;;;;;
0807palmer_sem7_num44lado1;;;;;;;;;
0808palmer_sem7_num44lado2;;;;;;;;;
0809palmer_sem7_num45lado1;;;;;;;;;
0810palmer_sem7_num45lado2;;;;;;;;;
0811palmer_sem7_num46lado1;;;;;;;;;
0812palmer_sem7_num46lado2;;;;;;;;;
0813palmer_sem7_num47lado1;;;;;;;;;
0814palmer_sem7_num47lado2;;;;;;;;;
0815palmer_sem7_num48lado1;;;;;;;;;
0816palmer_sem7_num48lado2;;;;;;;;;
0817palmer_sem7_num49lado1;;;;;;;;;
0818palmer_sem7_num49lado2;;;;;;;;;
0819palmer_sem7_num50lado1;;;;;;;;;
0820palmer_sem7_num50lado2;;;;;;;;;
0821palmer_sem7_num51lado1;;;;;;;;;
0822palmer_sem7_num51lado2;;;;;;;;;
0823palmer_sem7_num52lado1;;;;;;;;;
0824palmer_sem7_num52lado2;;;;;;;;;
0825palmer_sem7_num53lado1;;;;;;;;;
0826palmer_sem7_num53lado2;;;;;;;;;
0827palmer_sem7_num54lado1;;;;;;;;;
0828palmer_sem7_num54lado2;;;;;;;;;
0829palmer_sem7_num55lado1;;;;;;;;;
0830palmer_sem7_num55lado2;;;;;;;;;
0831palmer_sem7_num56lado1;;;;;;;;;
0832palmer_sem7_num56lado2;;;;;;;;;
0833palmer_sem7_num57lado1;;;;;;;;;
0834palmer_sem7_num57lado2;;;;;;;;;
0835palmer_sem7_num58lado1;;;;;;;;;
0836palmer_sem7_num58lado2;;;;;;;;;
0837palmer_sem7_num59lado1;;;;;;;;;
0838palmer_sem7_num59lado2;;;;;;;;;
0839palmer_sem7_num60lado1;;;;;;;;;
0840palmer_sem7_num60lado2;;;;;;;;;
0841tommy_sem1_num1lado1;;;;;;;;;
0842tommy_sem1_num1lado2;;;;;;;;;
0843tommy_sem1_num2lado1;;;;;;;;;
0844tommy_sem1_num2lado2;;;;;;;;;
0845tommy_sem1_num3lado1;;;;;;;;;
0846tommy_sem1_num3lado2;;;;;;;;;
0847tommy_sem1_num4lado1;;;;;;;;;
0848tommy_sem1_num4lado2;;;;;;;;;
0849tommy_sem1_num5lado1;;;;;;;;;
0850tommy_sem1_num5lado2;;;;;;;;;
0851tommy_sem1_num6lado1;;;;;;;;;
0852tommy_sem1_num6lado2;;;;;;;;;
0853tommy_sem1_num7lado1;;;;;;;;;
0854tommy_sem1_num7lado2;;;;;;;;;
0855tommy_sem1_num8lado1;;;;;;;;;
0856tommy_sem1_num8lado2;;;;;;;;;
0857tommy_sem1_num9lado1;;;;;;;;;
0858tommy_sem1_num9lado2;;;;;;;;;
0859tommy_sem1_num10lado1;;;;;;;;;
0860tommy_sem1_num10lado2;;;;;;;;;
0861tommy_sem1_num11lado1;;;;;;;;;
0862tommy_sem1_num11lado2;;;;;;;;;
0863tommy_sem1_num12lado1;;;;;;;;;
0864tommy_sem1_num12lado2;;;;;;;;;
0865tommy_sem1_num13lado1;;;;;;;;;
0866tommy_sem1_num13lado2;;;;;;;;;
0867tommy_sem1_num14lado1;;;;;;;;;
0868tommy_sem1_num14lado2;;;;;;;;;
0869tommy_sem1_num15lado1;;;;;;;;;
0870tommy_sem1_num15lado2;;;;;;;;;
0871tommy_sem1_num16lado1;;;;;;;;;
0872tommy_sem1_num16lado2;;;;;;;;;
0873tommy_sem1_num17lado1;;;;;;;;;
0874tommy_sem1_num17lado2;;;;;;;;;
0875tommy_sem1_num18lado1;;;;;;;;;
0876tommy_sem1_num18lado2;;;;;;;;;
0877tommy_sem1_num19lado1;;;;;;;;;
0878tommy_sem1_num19lado2;;;;;;;;;
0879tommy_sem1_num20lado1;;;;;;;;;
0880tommy_sem1_num20lado2;;;;;;;;;
0881tommy_sem1_num21lado1;;;;;;;;;
0882tommy_sem1_num21lado2;;;;;;;;;
0883tommy_sem1_num22lado1;;;;;;;;;
0884tommy_sem1_num22lado2;;;;;;;;;
0885tommy_sem1_num23lado1;;;;;;;;;
0886tommy_sem1_num23lado2;;;;;;;;;
0887tommy_sem1_num24lado1;;;;;;;;;
0888tommy_sem1_num24lado2;;;;;;;;;
0889tommy_sem1_num25lado1;;;;;;;;;
0890tommy_sem1_num25lado2;;;;;;;;;
0891tommy_sem1_num26lado1;;;;;;;;;
0892tommy_sem1_num26lado2;;;;;;;;;
0893tommy_sem1_num27lado1;;;;;;;;;
0894tommy_sem1_num27lado2;;;;;;;;;
0895tommy_sem1_num28lado1;;;;;;;;;
0896tommy_sem1_num28lado2;;;;;;;;;
0897tommy_sem1_num29lado1;;;;;;;;;
0898tommy_sem1_num29lado2;;;;;;;;;
0899tommy_sem1_num30lado1;;;;;;;;;
0900tommy_sem1_num30lado2;;;;;;;;;
0901tommy_sem1_num31lado1;;;;;;;;;
0902tommy_sem1_num31lado2;;;;;;;;;
0903tommy_sem1_num32lado1;;;;;;;;;
0904tommy_sem1_num32lado2;;;;;;;;;
0905tommy_sem1_num33lado1;;;;;;;;;
0906tommy_sem1_num33lado2;;;;;;;;;
0907tommy_sem1_num34lado1;;;;;;;;;
0908tommy_sem1_num34lado2;;;;;;;;;
0909tommy_sem1_num35lado1;;;;;;;;;
0910tommy_sem1_num35lado2;;;;;;;;;
0911tommy_sem1_num36lado1;;;;;;;;;
0912tommy_sem1_num36lado2;;;;;;;;;
0913tommy_sem1_num37lado1;;;;;;;;;
0914tommy_sem1_num37lado2;;;;;;;;;
0915tommy_sem1_num38lado1;;;;;;;;;
0916tommy_sem1_num38lado2;;;;;;;;;
0917tommy_sem1_num39lado1;;;;;;;;;
0918tommy_sem1_num39lado2;;;;;;;;;
0919tommy_sem1_num40lado1;;;;;;;;;
0920tommy_sem1_num40lado2;;;;;;;;;
0921tommy_sem1_num41lado1;;;;;;;;;
0922tommy_sem1_num41lado2;;;;;;;;;
0923tommy_sem1_num42lado1;;;;;;;;;
0924tommy_sem1_num42lado2;;;;;;;;;
0925tommy_sem1_num43lado1;;;;;;;;;
0926tommy_sem1_num43lado2;;;;;;;;;
0927tommy_sem1_num44lado1;;;;;;;;;
0928tommy_sem1_num44lado2;;;;;;;;;
0929tommy_sem1_num45lado1;;;;;;;;;
0930tommy_sem1_num45lado2;;;;;;;;;
0931tommy_sem1_num46lado1;;;;;;;;;
0932tommy_sem1_num46lado2;;;;;;;;;
0933tommy_sem1_num47lado1;;;;;;;;;
0934tommy_sem1_num47lado2;;;;;;;;;
0935tommy_sem1_num48lado1;;;;;;;;;
0936tommy_sem1_num48lado2;;;;;;;;;
0937tommy_sem1_num49lado1;;;;;;;;;
0938tommy_sem1_num49lado2;;;;;;;;;
0939tommy_sem1_num50lado1;;;;;;;;;
0940tommy_sem1_num50lado2;;;;;;;;;
0941tommy_sem1_num51lado1;;;;;;;;;
0942tommy_sem1_num51lado2;;;;;;;;;
0943tommy_sem1_num52lado1;;;;;;;;;
0944tommy_sem1_num52lado2;;;;;;;;;
0945tommy_sem1_num53lado1;;;;;;;;;
0946tommy_sem1_num53lado2;;;;;;;;;
0947tommy_sem1_num54lado1;;;;;;;;;
0948tommy_sem1_num54lado2;;;;;;;;;
0949tommy_sem1_num55lado1;;;;;;;;;
0950tommy_sem1_num55lado2;;;;;;;;;
0951tommy_sem1_num56lado1;;;;;;;;;
0952tommy_sem1_num56lado2;;;;;;;;;
0953tommy_sem1_num57lado1;;;;;;;;;
0954tommy_sem1_num57lado2;;;;;;;;;
0955tommy_sem1_num58lado1;;;;;;;;;
0956tommy_sem1_num58lado2;;;;;;;;;
0957tommy_sem1_num59lado1;;;;;;;;;
0958tommy_sem1_num59lado2;;;;;;;;;
0959tommy_sem1_num60lado1;;;;;;;;;
0960tommy_sem1_num60lado2;;;;;;;;;
0961tommy_sem2_num1lado1;;;;;;;;;
0962tommy_sem2_num1lado2;;;;;;;;;
0963tommy_sem2_num2lado1;;;;;;;;;
0964tommy_sem2_num2lado2;;;;;;;;;
0965tommy_sem2_num3lado1;;;;;;;;;
0966tommy_sem2_num3lado2;;;;;;;;;
0967tommy_sem2_num4lado1;;;;;;;;;
0968tommy_sem2_num4lado2;;;;;;;;;
0969tommy_sem2_num5lado1;;;;;;;;;
0970tommy_sem2_num5lado2;;;;;;;;;
0971tommy_sem2_num6lado1;;;;;;;;;
0972tommy_sem2_num6lado2;;;;;;;;;
0973tommy_sem2_num7lado1;;;;;;;;;
0974tommy_sem2_num7lado2;;;;;;;;;
0975tommy_sem2_num8lado1;;;;;;;;;
0976tommy_sem2_num8lado2;;;;;;;;;
0977tommy_sem2_num9lado1;;;;;;;;;
0978tommy_sem2_num9lado2;;;;;;;;;
0979tommy_sem2_num10lado1;;;;;;;;;
0980tommy_sem2_num10lado2;;;;;;;;;
0981tommy_sem2_num11lado1;;;;;;;;;
0982tommy_sem2_num11lado2;;;;;;;;;
0983tommy_sem2_num12lado1;;;;;;;;;
0984tommy_sem2_num12lado2;;;;;;;;;
0985tommy_sem2_num13lado1;;;;;;;;;
0986tommy_sem2_num13lado2;;;;;;;;;
0987tommy_sem2_num14lado1;;;;;;;;;
0988tommy_sem2_num14lado2;;;;;;;;;
0989tommy_sem2_num15lado1;;;;;;;;;
0990tommy_sem2_num15lado2;;;;;;;;;
0991tommy_sem2_num16lado1;;;;;;;;;
0992tommy_sem2_num16lado2;;;;;;;;;
0993tommy_sem2_num17lado1;;;;;;;;;
0994tommy_sem2_num17lado2;;;;;;;;;
0995tommy_sem2_num18lado1;;;;;;;;;
0996tommy_sem2_num18lado2;;;;;;;;;
0997tommy_sem2_num19lado1;;;;;;;;;
0998tommy_sem2_num19lado2;;;;;;;;;
0999tommy_sem2_num20lado1;;;;;;;;;
1000tommy_sem2_num20lado2;;;;;;;;;
1001tommy_sem2_num21lado1;;;;;;;;;
1002tommy_sem2_num21lado2;;;;;;;;;
1003tommy_sem2_num22lado1;;;;;;;;;
1004tommy_sem2_num22lado2;;;;;;;;;
1005tommy_sem2_num23lado1;;;;;;;;;
1006tommy_sem2_num23lado2;;;;;;;;;
1007tommy_sem2_num24lado1;;;;;;;;;
1008tommy_sem2_num24lado2;;;;;;;;;
1009tommy_sem2_num25lado1;;;;;;;;;
1010tommy_sem2_num25lado2;;;;;;;;;
1011tommy_sem2_num26lado1;;;;;;;;;
1012tommy_sem2_num26lado2;;;;;;;;;
1013tommy_sem2_num27lado1;;;;;;;;;
1014tommy_sem2_num27lado2;;;;;;;;;
1015tommy_sem2_num28lado1;;;;;;;;;
1016tommy_sem2_num28lado2;;;;;;;;;
1017tommy_sem2_num29lado1;;;;;;;;;
1018tommy_sem2_num29lado2;;;;;;;;;
1019tommy_sem2_num30lado1;;;;;;;;;
1020tommy_sem2_num30lado2;;;;;;;;;
1021tommy_sem2_num31lado1;;;;;;;;;
1022tommy_sem2_num31lado2;;;;;;;;;
1023tommy_sem2_num32lado1;;;;;;;;;
1024tommy_sem2_num32lado2;;;;;;;;;
1025tommy_sem2_num33lado1;;;;;;;;;
1026tommy_sem2_num33lado2;;;;;;;;;
1027tommy_sem2_num34lado1;;;;;;;;;
1028tommy_sem2_num34lado2;;;;;;;;;
1029tommy_sem2_num35lado1;;;;;;;;;
1030tommy_sem2_num35lado2;;;;;;;;;
1031tommy_sem2_num36lado1;;;;;;;;;
1032tommy_sem2_num36lado2;;;;;;;;;
1033tommy_sem2_num37lado1;;;;;;;;;
1034tommy_sem2_num37lado2;;;;;;;;;
1035tommy_sem2_num38lado1;;;;;;;;;
1036tommy_sem2_num38lado2;;;;;;;;;
1037tommy_sem2_num39lado1;;;;;;;;;
1038tommy_sem2_num39lado2;;;;;;;;;
1039tommy_sem2_num40lado1;;;;;;;;;
1040tommy_sem2_num40lado2;;;;;;;;;
1041tommy_sem2_num41lado1;;;;;;;;;
1042tommy_sem2_num41lado2;;;;;;;;;
1043tommy_sem2_num42lado1;;;;;;;;;
1044tommy_sem2_num42lado2;;;;;;;;;
1045tommy_sem2_num43lado1;;;;;;;;;
1046tommy_sem2_num43lado2;;;;;;;;;
1047tommy_sem2_num44lado1;;;;;;;;;
1048tommy_sem2_num44lado2;;;;;;;;;
1049tommy_sem2_num45lado1;;;;;;;;;
1050tommy_sem2_num45lado2;;;;;;;;;
1051tommy_sem2_num46lado1;;;;;;;;;
1052tommy_sem2_num46lado2;;;;;;;;;
1053tommy_sem2_num47lado1;;;;;;;;;
1054tommy_sem2_num47lado2;;;;;;;;;
1055tommy_sem2_num48lado1;;;;;;;;;
1056tommy_sem2_num48lado2;;;;;;;;;
1057tommy_sem2_num49lado1;;;;;;;;;
1058tommy_sem2_num49lado2;;;;;;;;;
1059tommy_sem2_num50lado1;;;;;;;;;
1060tommy_sem2_num50lado2;;;;;;;;;
1061tommy_sem2_num51lado1;;;;;;;;;
1062tommy_sem2_num51lado2;;;;;;;;;
1063tommy_sem2_num52lado1;;;;;;;;;
1064tommy_sem2_num52lado2;;;;;;;;;
1065tommy_sem2_num53lado1;;;;;;;;;
1066tommy_sem2_num53lado2;;;;;;;;;
1067tommy_sem2_num54lado1;;;;;;;;;
1068tommy_sem2_num54lado2;;;;;;;;;
1069tommy_sem2_num55lado1;;;;;;;;;
1070tommy_sem2_num55lado2;;;;;;;;;
1071tommy_sem2_num56lado1;;;;;;;;;
1072tommy_sem2_num56lado2;;;;;;;;;
1073tommy_sem2_num57lado1;;;;;;;;;
1074tommy_sem2_num57lado2;;;;;;;;;
1075tommy_sem2_num58lado1;;;;;;;;;
1076tommy_sem2_num58lado2;;;;;;;;;
1077tommy_sem2_num59lado1;;;;;;;;;
1078tommy_sem2_num59lado2;;;;;;;;;
1079tommy_sem2_num60lado1;;;;;;;;;
1080tommy_sem2_num60lado2;;;;;;;;;
1081tommy_sem3_num1lado1;;;;;;;;;
1082tommy_sem3_num1lado2;;;;;;;;;
1083tommy_sem3_num2lado1;;;;;;;;;
1084tommy_sem3_num2lado2;;;;;;;;;
1085tommy_sem3_num3lado1;;;;;;;;;
1086tommy_sem3_num3lado2;;;;;;;;;
1087tommy_sem3_num4lado1;;;;;;;;;
1088tommy_sem3_num4lado2;;;;;;;;;
1089tommy_sem3_num5lado1;;;;;;;;;
1090tommy_sem3_num5lado2;;;;;;;;;
1091tommy_sem3_num6lado1;;;;;;;;;
1092tommy_sem3_num6lado2;;;;;;;;;
1093tommy_sem3_num7lado1;;;;;;;;;
1094tommy_sem3_num7lado2;;;;;;;;;
1095tommy_sem3_num8lado1;;;;;;;;;
1096tommy_sem3_num8lado2;;;;;;;;;
1097tommy_sem3_num9lado1;;;;;;;;;
1098tommy_sem3_num9lado2;;;;;;;;;
1099tommy_sem3_num10lado1;;;;;;;;;
1100tommy_sem3_num10lado2;;;;;;;;;
1101tommy_sem3_num11lado1;;;;;;;;;
1102tommy_sem3_num11lado2;;;;;;;;;
1103tommy_sem3_num12lado1;;;;;;;;;
1104tommy_sem3_num12lado2;;;;;;;;;
1105tommy_sem3_num13lado1;;;;;;;;;
1106tommy_sem3_num13lado2;;;;;;;;;
1107tommy_sem3_num14lado1;;;;;;;;;
1108tommy_sem3_num14lado2;;;;;;;;;
1109tommy_sem3_num15lado1;;;;;;;;;
1110tommy_sem3_num15lado2;;;;;;;;;
1111tommy_sem3_num16lado1;;;;;;;;;
1112tommy_sem3_num16lado2;;;;;;;;;
1113tommy_sem3_num17lado1;;;;;;;;;
1114tommy_sem3_num17lado2;;;;;;;;;
1115tommy_sem3_num18lado1;;;;;;;;;
1116tommy_sem3_num18lado2;;;;;;;;;
1117tommy_sem3_num19lado1;;;;;;;;;
1118tommy_sem3_num19lado2;;;;;;;;;
1119tommy_sem3_num20lado1;;;;;;;;;
1120tommy_sem3_num20lado2;;;;;;;;;
1121tommy_sem3_num21lado1;;;;;;;;;
1122tommy_sem3_num21lado2;;;;;;;;;
1123tommy_sem3_num22lado1;;;;;;;;;
1124tommy_sem3_num22lado2;;;;;;;;;
1125tommy_sem3_num23lado1;;;;;;;;;
1126tommy_sem3_num23lado2;;;;;;;;;
1127tommy_sem3_num24lado1;;;;;;;;;
1128tommy_sem3_num24lado2;;;;;;;;;
1129tommy_sem3_num25lado1;;;;;;;;;
1130tommy_sem3_num25lado2;;;;;;;;;
1131tommy_sem3_num26lado1;;;;;;;;;
1132tommy_sem3_num26lado2;;;;;;;;;
1133tommy_sem3_num27lado1;;;;;;;;;
1134tommy_sem3_num27lado2;;;;;;;;;
1135tommy_sem3_num28lado1;;;;;;;;;
1136tommy_sem3_num28lado2;;;;;;;;;
1137tommy_sem3_num29lado1;;;;;;;;;
1138tommy_sem3_num29lado2;;;;;;;;;
1139tommy_sem3_num30lado1;;;;;;;;;
1140tommy_sem3_num30lado2;;;;;;;;;
1141tommy_sem3_num31lado1;;;;;;;;;
1142tommy_sem3_num31lado2;;;;;;;;;
1143tommy_sem3_num32lado1;;;;;;;;;
1144tommy_sem3_num32lado2;;;;;;;;;
1145tommy_sem3_num33lado1;;;;;;;;;
1146tommy_sem3_num33lado2;;;;;;;;;
1147tommy_sem3_num34lado1;;;;;;;;;
1148tommy_sem3_num34lado2;;;;;;;;;
1149tommy_sem3_num35lado1;;;;;;;;;
1150tommy_sem3_num35lado2;;;;;;;;;
1151tommy_sem3_num36lado1;;;;;;;;;
1152tommy_sem3_num36lado2;;;;;;;;;
1153tommy_sem3_num37lado1;;;;;;;;;
1154tommy_sem3_num37lado2;;;;;;;;;
1155tommy_sem3_num38lado1;;;;;;;;;
1156tommy_sem3_num38lado2;;;;;;;;;
1157tommy_sem3_num39lado1;;;;;;;;;
1158tommy_sem3_num39lado2;;;;;;;;;
1159tommy_sem3_num40lado1;;;;;;;;;
1160tommy_sem3_num40lado2;;;;;;;;;
1161tommy_sem3_num41lado1;;;;;;;;;
1162tommy_sem3_num41lado2;;;;;;;;;
1163tommy_sem3_num42lado1;;;;;;;;;
1164tommy_sem3_num42lado2;;;;;;;;;
1165tommy_sem3_num43lado1;;;;;;;;;
1166tommy_sem3_num43lado2;;;;;;;;;
1167tommy_sem3_num44lado1;;;;;;;;;
1168tommy_sem3_num44lado2;;;;;;;;;
1169tommy_sem3_num45lado1;;;;;;;;;
1170tommy_sem3_num45lado2;;;;;;;;;
1171tommy_sem3_num46lado1;;;;;;;;;
1172tommy_sem3_num46lado2;;;;;;;;;
1173tommy_sem3_num47lado1;;;;;;;;;
1174tommy_sem3_num47lado2;;;;;;;;;
1175tommy_sem3_num48lado1;;;;;;;;;
1176tommy_sem3_num48lado2;;;;;;;;;
1177tommy_sem3_num49lado1;;;;;;;;;
1178tommy_sem3_num49lado2;;;;;;;;;
1179tommy_sem3_num50lado1;;;;;;;;;
1180tommy_sem3_num50lado2;;;;;;;;;
1181tommy_sem3_num51lado1;;;;;;;;;
1182tommy_sem3_num51lado2;;;;;;;;;
1183tommy_sem3_num52lado1;;;;;;;;;
1184tommy_sem3_num52lado2;;;;;;;;;
1185tommy_sem3_num53lado1;;;;;;;;;
1186tommy_sem3_num53lado2;;;;;;;;;
1187tommy_sem3_num54lado1;;;;;;;;;
1188tommy_sem3_num54lado2;;;;;;;;;
1189tommy_sem3_num55lado1;;;;;;;;;
1190tommy_sem3_num55lado2;;;;;;;;;
1191tommy_sem3_num56lado1;;;;;;;;;
1192tommy_sem3_num56lado2;;;;;;;;;
1193tommy_sem3_num57lado1;;;;;;;;;
1194tommy_sem3_num57lado2;;;;;;;;;
1195tommy_sem3_num58lado1;;;;;;;;;
1196tommy_sem3_num58lado2;;;;;;;;;
1197tommy_sem3_num59lado1;;;;;;;;;
1198tommy_sem3_num59lado2;;;;;;;;;
1199tommy_sem3_num60lado1;;;;;;;;;
1200tommy_sem3_num60lado2;;;;;;;;;
1201tommy_sem4_num1lado1;;;;;;;;;
1202tommy_sem4_num1lado2;;;;;;;;;
1203tommy_sem4_num2lado1;;;;;;;;;
1204tommy_sem4_num2lado2;;;;;;;;;
1205tommy_sem4_num3lado1;;;;;;;;;
1206tommy_sem4_num3lado2;;;;;;;;;
1207tommy_sem4_num4lado1;;;;;;;;;
1208tommy_sem4_num4lado2;;;;;;;;;
1209tommy_sem4_num5lado1;;;;;;;;;
1210tommy_sem4_num5lado2;;;;;;;;;
1211tommy_sem4_num6lado1;;;;;;;;;
1212tommy_sem4_num6lado2;;;;;;;;;
1213tommy_sem4_num7lado1;;;;;;;;;
1214tommy_sem4_num7lado2;;;;;;;;;
1215tommy_sem4_num8lado1;;;;;;;;;
1216tommy_sem4_num8lado2;;;;;;;;;
1217tommy_sem4_num9lado1;;;;;;;;;
1218tommy_sem4_num9lado2;;;;;;;;;
1219tommy_sem4_num10lado1;;;;;;;;;
1220tommy_sem4_num10lado2;;;;;;;;;
1221tommy_sem4_num11lado1;;;;;;;;;
1222tommy_sem4_num11lado2;;;;;;;;;
1223tommy_sem4_num12lado1;;;;;;;;;
1224tommy_sem4_num12lado2;;;;;;;;;
1225tommy_sem4_num13lado1;;;;;;;;;
1226tommy_sem4_num13lado2;;;;;;;;;
1227tommy_sem4_num14lado1;;;;;;;;;
1228tommy_sem4_num14lado2;;;;;;;;;
1229tommy_sem4_num15lado1;;;;;;;;;
1230tommy_sem4_num15lado2;;;;;;;;;
1231tommy_sem4_num16lado1;;;;;;;;;
1232tommy_sem4_num16lado2;;;;;;;;;
1233tommy_sem4_num17lado1;;;;;;;;;
1234tommy_sem4_num17lado2;;;;;;;;;
1235tommy_sem4_num18lado1;;;;;;;;;
1236tommy_sem4_num18lado2;;;;;;;;;
1237tommy_sem4_num19lado1;;;;;;;;;
1238tommy_sem4_num19lado2;;;;;;;;;
1239tommy_sem4_num20lado1;;;;;;;;;
1240tommy_sem4_num20lado2;;;;;;;;;
1241tommy_sem4_num21lado1;;;;;;;;;
1242tommy_sem4_num21lado2;;;;;;;;;
1243tommy_sem4_num22lado1;;;;;;;;;
1244tommy_sem4_num22lado2;;;;;;;;;
1245tommy_sem4_num23lado1;;;;;;;;;
1246tommy_sem4_num23lado2;;;;;;;;;
1247tommy_sem4_num24lado1;;;;;;;;;
1248tommy_sem4_num24lado2;;;;;;;;;
1249tommy_sem4_num25lado1;;;;;;;;;
1250tommy_sem4_num25lado2;;;;;;;;;
1251tommy_sem4_num26lado1;;;;;;;;;
1252tommy_sem4_num26lado2;;;;;;;;;
1253tommy_sem4_num27lado1;;;;;;;;;
1254tommy_sem4_num27lado2;;;;;;;;;
1255tommy_sem4_num28lado1;;;;;;;;;
1256tommy_sem4_num28lado2;;;;;;;;;
1257tommy_sem4_num29lado1;;;;;;;;;
1258tommy_sem4_num29lado2;;;;;;;;;
1259tommy_sem4_num30lado1;;;;;;;;;
1260tommy_sem4_num30lado2;;;;;;;;;
1261tommy_sem4_num31lado1;;;;;;;;;
1262tommy_sem4_num31lado2;;;;;;;;;
1263tommy_sem4_num32lado1;;;;;;;;;
1264tommy_sem4_num32lado2;;;;;;;;;
1265tommy_sem4_num33lado1;;;;;;;;;
1266tommy_sem4_num33lado2;;;;;;;;;
1267tommy_sem4_num34lado1;;;;;;;;;
1268tommy_sem4_num34lado2;;;;;;;;;
1269tommy_sem4_num35lado1;;;;;;;;;
1270tommy_sem4_num35lado2;;;;;;;;;
1271tommy_sem4_num36lado1;;;;;;;;;
1272tommy_sem4_num36lado2;;;;;;;;;
1273tommy_sem4_num37lado1;;;;;;;;;
1274tommy_sem4_num37lado2;;;;;;;;;
1275tommy_sem4_num38lado1;;;;;;;;;
1276tommy_sem4_num38lado2;;;;;;;;;
1277tommy_sem4_num39lado1;;;;;;;;;
1278tommy_sem4_num39lado2;;;;;;;;;
1279tommy_sem4_num40lado1;;;;;;;;;
1280tommy_sem4_num40lado2;;;;;;;;;
1281tommy_sem4_num41lado1;;;;;;;;;
1282tommy_sem4_num41lado2;;;;;;;;;
1283tommy_sem4_num42lado1;;;;;;;;;
1284tommy_sem4_num42lado2;;;;;;;;;
1285tommy_sem4_num43lado1;;;;;;;;;
1286tommy_sem4_num43lado2;;;;;;;;;
1287tommy_sem4_num44lado1;;;;;;;;;
1288tommy_sem4_num44lado2;;;;;;;;;
1289tommy_sem4_num45lado1;;;;;;;;;
1290tommy_sem4_num45lado2;;;;;;;;;
1291tommy_sem4_num46lado1;;;;;;;;;
1292tommy_sem4_num46lado2;;;;;;;;;
1293tommy_sem4_num47lado1;;;;;;;;;
1294tommy_sem4_num47lado2;;;;;;;;;
1295tommy_sem4_num48lado1;;;;;;;;;
1296tommy_sem4_num48lado2;;;;;;;;;
1297tommy_sem4_num49lado1;;;;;;;;;
1298tommy_sem4_num49lado2;;;;;;;;;
1299tommy_sem4_num50lado1;;;;;;;;;
1300tommy_sem4_num50lado2;;;;;;;;;
1301tommy_sem4_num51lado1;;;;;;;;;
1302tommy_sem4_num51lado2;;;;;;;;;
1303tommy_sem4_num52lado1;;;;;;;;;
1304tommy_sem4_num52lado2;;;;;;;;;
1305tommy_sem4_num53lado1;;;;;;;;;
1306tommy_sem4_num53lado2;;;;;;;;;
1307tommy_sem4_num54lado1;;;;;;;;;
1308tommy_sem4_num54lado2;;;;;;;;;
1309tommy_sem4_num55lado1;;;;;;;;;
1310tommy_sem4_num55lado2;;;;;;;;;
1311tommy_sem4_num56lado1;;;;;;;;;
1312tommy_sem4_num56lado2;;;;;;;;;
1313tommy_sem4_num57lado1;;;;;;;;;
1314tommy_sem4_num57lado2;;;;;;;;;
1315tommy_sem4_num58lado1;;;;;;;;;
1316tommy_sem4_num58lado2;;;;;;;;;
1317tommy_sem4_num59lado1;;;;;;;;;
1318tommy_sem4_num59lado2;;;;;;;;;
1319tommy_sem4_num60lado1;;;;;;;;;
1320tommy_sem4_num60lado2;;;;;;;;;
1321tommy_sem5_num1lado1;;;;;;;;;
1322tommy_sem5_num1lado2;;;;;;;;;
1323tommy_sem5_num2lado1;;;;;;;;;
1324tommy_sem5_num2lado2;;;;;;;;;
1325tommy_sem5_num3lado1;;;;;;;;;
1326tommy_sem5_num3lado2;;;;;;;;;
1327tommy_sem5_num4lado1;;;;;;;;;
1328tommy_sem5_num4lado2;;;;;;;;;
1329tommy_sem5_num5lado1;;;;;;;;;
1330tommy_sem5_num5lado2;;;;;;;;;
1331tommy_sem5_num6lado1;;;;;;;;;
1332tommy_sem5_num6lado2;;;;;;;;;
1333tommy_sem5_num7lado1;;;;;;;;;
1334tommy_sem5_num7lado2;;;;;;;;;
1335tommy_sem5_num8lado1;;;;;;;;;
1336tommy_sem5_num8lado2;;;;;;;;;
1337tommy_sem5_num9lado1;;;;;;;;;
1338tommy_sem5_num9lado2;;;;;;;;;
1339tommy_sem5_num10lado1;;;;;;;;;
1340tommy_sem5_num10lado2;;;;;;;;;
1341tommy_sem5_num11lado1;;;;;;;;;
1342tommy_sem5_num11lado2;;;;;;;;;
1343tommy_sem5_num12lado1;;;;;;;;;
1344tommy_sem5_num12lado2;;;;;;;;;
1345tommy_sem5_num13lado1;;;;;;;;;
1346tommy_sem5_num13lado2;;;;;;;;;
1347tommy_sem5_num14lado1;;;;;;;;;
1348tommy_sem5_num14lado2;;;;;;;;;
1349tommy_sem5_num15lado1;;;;;;;;;
1350tommy_sem5_num15lado2;;;;;;;;;
1351tommy_sem5_num16lado1;;;;;;;;;
1352tommy_sem5_num16lado2;;;;;;;;;
1353tommy_sem5_num17lado1;;;;;;;;;
1354tommy_sem5_num17lado2;;;;;;;;;
1355tommy_sem5_num18lado1;;;;;;;;;
1356tommy_sem5_num18lado2;;;;;;;;;
1357tommy_sem5_num19lado1;;;;;;;;;
1358tommy_sem5_num19lado2;;;;;;;;;
1359tommy_sem5_num20lado1;;;;;;;;;
1360tommy_sem5_num20lado2;;;;;;;;;
1361tommy_sem5_num21lado1;;;;;;;;;
1362tommy_sem5_num21lado2;;;;;;;;;
1363tommy_sem5_num22lado1;;;;;;;;;
1364tommy_sem5_num22lado2;;;;;;;;;
1365tommy_sem5_num23lado1;;;;;;;;;
1366tommy_sem5_num23lado2;;;;;;;;;
1367tommy_sem5_num24lado1;;;;;;;;;
1368tommy_sem5_num24lado2;;;;;;;;;
1369tommy_sem5_num25lado1;;;;;;;;;
1370tommy_sem5_num25lado2;;;;;;;;;
1371tommy_sem5_num26lado1;;;;;;;;;
1372tommy_sem5_num26lado2;;;;;;;;;
1373tommy_sem5_num27lado1;;;;;;;;;
1374tommy_sem5_num27lado2;;;;;;;;;
1375tommy_sem5_num28lado1;;;;;;;;;
1376tommy_sem5_num28lado2;;;;;;;;;
1377tommy_sem5_num29lado1;;;;;;;;;
1378tommy_sem5_num29lado2;;;;;;;;;
1379tommy_sem5_num30lado1;;;;;;;;;
1380tommy_sem5_num30lado2;;;;;;;;;
1381tommy_sem5_num31lado1;;;;;;;;;
1382tommy_sem5_num31lado2;;;;;;;;;
1383tommy_sem5_num32lado1;;;;;;;;;
1384tommy_sem5_num32lado2;;;;;;;;;
1385tommy_sem5_num33lado1;;;;;;;;;
1386tommy_sem5_num33lado2;;;;;;;;;
1387tommy_sem5_num34lado1;;;;;;;;;
1388tommy_sem5_num34lado2;;;;;;;;;
1389tommy_sem5_num35lado1;;;;;;;;;
1390tommy_sem5_num35lado2;;;;;;;;;
1391tommy_sem5_num36lado1;;;;;;;;;
1392tommy_sem5_num36lado2;;;;;;;;;
1393tommy_sem5_num37lado1;;;;;;;;;
1394tommy_sem5_num37lado2;;;;;;;;;
1395tommy_sem5_num38lado1;;;;;;;;;
1396tommy_sem5_num38lado2;;;;;;;;;
1397tommy_sem5_num39lado1;;;;;;;;;
1398tommy_sem5_num39lado2;;;;;;;;;
1399tommy_sem5_num40lado1;;;;;;;;;
1400tommy_sem5_num40lado2;;;;;;;;;
1401tommy_sem5_num41lado1;;;;;;;;;
1402tommy_sem5_num41lado2;;;;;;;;;
1403tommy_sem5_num42lado1;;;;;;;;;
1404tommy_sem5_num42lado2;;;;;;;;;
1405tommy_sem5_num43lado1;;;;;;;;;
1406tommy_sem5_num43lado2;;;;;;;;;
1407tommy_sem5_num44lado1;;;;;;;;;
1408tommy_sem5_num44lado2;;;;;;;;;
1409tommy_sem5_num45lado1;;;;;;;;;
1410tommy_sem5_num45lado2;;;;;;;;;
1411tommy_sem5_num46lado1;;;;;;;;;
1412tommy_sem5_num46lado2;;;;;;;;;
1413tommy_sem5_num47lado1;;;;;;;;;
1414tommy_sem5_num47lado2;;;;;;;;;
1415tommy_sem5_num48lado1;;;;;;;;;
1416tommy_sem5_num48lado2;;;;;;;;;
1417tommy_sem5_num49lado1;;;;;;;;;
1418tommy_sem5_num49lado2;;;;;;;;;
1419tommy_sem5_num50lado1;;;;;;;;;
1420tommy_sem5_num50lado2;;;;;;;;;
1421tommy_sem5_num51lado1;;;;;;;;;
1422tommy_sem5_num51lado2;;;;;;;;;
1423tommy_sem5_num52lado1;;;;;;;;;
1424tommy_sem5_num52lado2;;;;;;;;;
1425tommy_sem5_num53lado1;;;;;;;;;
1426tommy_sem5_num53lado2;;;;;;;;;
1427tommy_sem5_num54lado1;;;;;;;;;
1428tommy_sem5_num54lado2;;;;;;;;;
1429tommy_sem5_num55lado1;;;;;;;;;
1430tommy_sem5_num55lado2;;;;;;;;;
1431tommy_sem5_num56lado1;;;;;;;;;
1432tommy_sem5_num56lado2;;;;;;;;;
1433tommy_sem5_num57lado1;;;;;;;;;
1434tommy_sem5_num57lado2;;;;;;;;;
1435tommy_sem5_num58lado1;;;;;;;;;
1436tommy_sem5_num58lado2;;;;;;;;;
1437tommy_sem5_num59lado1;;;;;;;;;
1438tommy_sem5_num59lado2;;;;;;;;;
1439tommy_sem5_num60lado1;;;;;;;;;
1440tommy_sem5_num60lado2;;;;;;;;;
1441tommy_sem6_num1lado1;;;;;;;;;
1442tommy_sem6_num1lado2;;;;;;;;;
1443tommy_sem6_num2lado1;;;;;;;;;
1444tommy_sem6_num2lado2;;;;;;;;;
1445tommy_sem6_num3lado1;;;;;;;;;
1446tommy_sem6_num3lado2;;;;;;;;;
1447tommy_sem6_num4lado1;;;;;;;;;
1448tommy_sem6_num4lado2;;;;;;;;;
1449tommy_sem6_num5lado1;;;;;;;;;
1450tommy_sem6_num5lado2;;;;;;;;;
1451tommy_sem6_num6lado1;;;;;;;;;
1452tommy_sem6_num6lado2;;;;;;;;;
1453tommy_sem6_num7lado1;;;;;;;;;
1454tommy_sem6_num7lado2;;;;;;;;;
1455tommy_sem6_num8lado1;;;;;;;;;
1456tommy_sem6_num8lado2;;;;;;;;;
1457tommy_sem6_num9lado1;;;;;;;;;
1458tommy_sem6_num9lado2;;;;;;;;;
1459tommy_sem6_num10lado1;;;;;;;;;
1460tommy_sem6_num10lado2;;;;;;;;;
1461tommy_sem6_num11lado1;;;;;;;;;
1462tommy_sem6_num11lado2;;;;;;;;;
1463tommy_sem6_num12lado1;;;;;;;;;
1464tommy_sem6_num12lado2;;;;;;;;;
1465tommy_sem6_num13lado1;;;;;;;;;
1466tommy_sem6_num13lado2;;;;;;;;;
1467tommy_sem6_num14lado1;;;;;;;;;
1468tommy_sem6_num14lado2;;;;;;;;;
1469tommy_sem6_num15lado1;;;;;;;;;
1470tommy_sem6_num15lado2;;;;;;;;;
1471tommy_sem6_num16lado1;;;;;;;;;
1472tommy_sem6_num16lado2;;;;;;;;;
1473tommy_sem6_num17lado1;;;;;;;;;
1474tommy_sem6_num17lado2;;;;;;;;;
1475tommy_sem6_num18lado1;;;;;;;;;
1476tommy_sem6_num18lado2;;;;;;;;;
1477tommy_sem6_num19lado1;;;;;;;;;
1478tommy_sem6_num19lado2;;;;;;;;;
1479tommy_sem6_num20lado1;;;;;;;;;
1480tommy_sem6_num20lado2;;;;;;;;;
1481tommy_sem6_num21lado1;;;;;;;;;
1482tommy_sem6_num21lado2;;;;;;;;;
1483tommy_sem6_num22lado1;;;;;;;;;
1484tommy_sem6_num22lado2;;;;;;;;;
1485tommy_sem6_num23lado1;;;;;;;;;
1486tommy_sem6_num23lado2;;;;;;;;;
1487tommy_sem6_num24lado1;;;;;;;;;
1488tommy_sem6_num24lado2;;;;;;;;;
1489tommy_sem6_num25lado1;;;;;;;;;
1490tommy_sem6_num25lado2;;;;;;;;;
1491tommy_sem6_num26lado1;;;;;;;;;
1492tommy_sem6_num26lado2;;;;;;;;;
1493tommy_sem6_num27lado1;;;;;;;;;
1494tommy_sem6_num27lado2;;;;;;;;;
1495tommy_sem6_num28lado1;;;;;;;;;
1496tommy_sem6_num28lado2;;;;;;;;;
1497tommy_sem6_num29lado1;;;;;;;;;
1498tommy_sem6_num29lado2;;;;;;;;;
1499tommy_sem6_num30lado1;;;;;;;;;
1500tommy_sem6_num30lado2;;;;;;;;;
1501tommy_sem6_num31lado1;;;;;;;;;
1502tommy_sem6_num31lado2;;;;;;;;;
1503tommy_sem6_num32lado1;;;;;;;;;
1504tommy_sem6_num32lado2;;;;;;;;;
1505tommy_sem6_num33lado1;;;;;;;;;
1506tommy_sem6_num33lado2;;;;;;;;;
1507tommy_sem6_num34lado1;;;;;;;;;
1508tommy_sem6_num34lado2;;;;;;;;;
1509tommy_sem6_num35lado1;;;;;;;;;
1510tommy_sem6_num35lado2;;;;;;;;;
1511tommy_sem6_num36lado1;;;;;;;;;
1512tommy_sem6_num36lado2;;;;;;;;;
1513tommy_sem6_num37lado1;;;;;;;;;
1514tommy_sem6_num37lado2;;;;;;;;;
1515tommy_sem6_num38lado1;;;;;;;;;
1516tommy_sem6_num38lado2;;;;;;;;;
1517tommy_sem6_num39lado1;;;;;;;;;
1518tommy_sem6_num39lado2;;;;;;;;;
1519tommy_sem6_num40lado1;;;;;;;;;
1520tommy_sem6_num40lado2;;;;;;;;;
1521tommy_sem6_num41lado1;;;;;;;;;
1522tommy_sem6_num41lado2;;;;;;;;;
1523tommy_sem6_num42lado1;;;;;;;;;
1524tommy_sem6_num42lado2;;;;;;;;;
1525tommy_sem6_num43lado1;;;;;;;;;
1526tommy_sem6_num43lado2;;;;;;;;;
1527tommy_sem6_num44lado1;;;;;;;;;
1528tommy_sem6_num44lado2;;;;;;;;;
1529tommy_sem6_num45lado1;;;;;;;;;
1530tommy_sem6_num45lado2;;;;;;;;;
1531tommy_sem6_num46lado1;;;;;;;;;
1532tommy_sem6_num46lado2;;;;;;;;;
1533tommy_sem6_num47lado1;;;;;;;;;
1534tommy_sem6_num47lado2;;;;;;;;;
1535tommy_sem6_num48lado1;;;;;;;;;
1536tommy_sem6_num48lado2;;;;;;;;;
1537tommy_sem6_num49lado1;;;;;;;;;
1538tommy_sem6_num49lado2;;;;;;;;;
1539tommy_sem6_num50lado1;;;;;;;;;
1540tommy_sem6_num50lado2;;;;;;;;;
1541tommy_sem6_num51lado1;;;;;;;;;
1542tommy_sem6_num51lado2;;;;;;;;;
1543tommy_sem6_num52lado1;;;;;;;;;
1544tommy_sem6_num52lado2;;;;;;;;;
1545tommy_sem6_num53lado1;;;;;;;;;
1546tommy_sem6_num53lado2;;;;;;;;;
1547tommy_sem6_num54lado1;;;;;;;;;
1548tommy_sem6_num54lado2;;;;;;;;;
1549tommy_sem6_num55lado1;;;;;;;;;
1550tommy_sem6_num55lado2;;;;;;;;;
1551tommy_sem6_num56lado1;;;;;;;;;
1552tommy_sem6_num56lado2;;;;;;;;;
1553tommy_sem6_num57lado1;;;;;;;;;
1554tommy_sem6_num57lado2;;;;;;;;;
1555tommy_sem6_num58lado1;;;;;;;;;
1556tommy_sem6_num58lado2;;;;;;;;;
1557tommy_sem6_num59lado1;;;;;;;;;
1558tommy_sem6_num59lado2;;;;;;;;;
1559tommy_sem6_num60lado1;;;;;;;;;
1560tommy_sem6_num60lado2;;;;;;;;;
1561tommy_sem7_num1lado1;;;;;;;;;
1562tommy_sem7_num1lado2;;;;;;;;;
1563tommy_sem7_num2lado1;;;;;;;;;
1564tommy_sem7_num2lado2;;;;;;;;;
1565tommy_sem7_num3lado1;;;;;;;;;
1566tommy_sem7_num3lado2;;;;;;;;;
1567tommy_sem7_num4lado1;;;;;;;;;
1568tommy_sem7_num4lado2;;;;;;;;;
1569tommy_sem7_num5lado1;;;;;;;;;
1570tommy_sem7_num5lado2;;;;;;;;;
1571tommy_sem7_num6lado1;;;;;;;;;
1572tommy_sem7_num6lado2;;;;;;;;;
1573tommy_sem7_num7lado1;;;;;;;;;
1574tommy_sem7_num7lado2;;;;;;;;;
1575tommy_sem7_num8lado1;;;;;;;;;
1576tommy_sem7_num8lado2;;;;;;;;;
1577tommy_sem7_num9lado1;;;;;;;;;
1578tommy_sem7_num9lado2;;;;;;;;;
1579tommy_sem7_num10lado1;;;;;;;;;
1580tommy_sem7_num10lado2;;;;;;;;;
1581tommy_sem7_num11lado1;;;;;;;;;
1582tommy_sem7_num11lado2;;;;;;;;;
1583tommy_sem7_num12lado1;;;;;;;;;
1584tommy_sem7_num12lado2;;;;;;;;;
1585tommy_sem7_num13lado1;;;;;;;;;
1586tommy_sem7_num13lado2;;;;;;;;;
1587tommy_sem7_num14lado1;;;;;;;;;
1588tommy_sem7_num14lado2;;;;;;;;;
1589tommy_sem7_num15lado1;;;;;;;;;
1590tommy_sem7_num15lado2;;;;;;;;;
1591tommy_sem7_num16lado1;;;;;;;;;
1592tommy_sem7_num16lado2;;;;;;;;;
1593tommy_sem7_num17lado1;;;;;;;;;
1594tommy_sem7_num17lado2;;;;;;;;;
1595tommy_sem7_num18lado1;;;;;;;;;
1596tommy_sem7_num18lado2;;;;;;;;;
1597tommy_sem7_num19lado1;;;;;;;;;
1598tommy_sem7_num19lado2;;;;;;;;;
1599tommy_sem7_num20lado1;;;;;;;;;
1600tommy_sem7_num20lado2;;;;;;;;;
1601tommy_sem7_num21lado1;;;;;;;;;
1602tommy_sem7_num21lado2;;;;;;;;;
1603tommy_sem7_num22lado1;;;;;;;;;
1604tommy_sem7_num22lado2;;;;;;;;;
1605tommy_sem7_num23lado1;;;;;;;;;
1606tommy_sem7_num23lado2;;;;;;;;;
1607tommy_sem7_num24lado1;;;;;;;;;
1608tommy_sem7_num24lado2;;;;;;;;;
1609tommy_sem7_num25lado1;;;;;;;;;
1610tommy_sem7_num25lado2;;;;;;;;;
1611tommy_sem7_num26lado1;;;;;;;;;
1612tommy_sem7_num26lado2;;;;;;;;;
1613tommy_sem7_num27lado1;;;;;;;;;
1614tommy_sem7_num27lado2;;;;;;;;;
1615tommy_sem7_num28lado1;;;;;;;;;
1616tommy_sem7_num28lado2;;;;;;;;;
1617tommy_sem7_num29lado1;;;;;;;;;
1618tommy_sem7_num29lado2;;;;;;;;;
1619tommy_sem7_num30lado1;;;;;;;;;
1620tommy_sem7_num30lado2;;;;;;;;;
1621tommy_sem7_num31lado1;;;;;;;;;
1622tommy_sem7_num31lado2;;;;;;;;;
1623tommy_sem7_num32lado1;;;;;;;;;
1624tommy_sem7_num32lado2;;;;;;;;;
1625tommy_sem7_num33lado1;;;;;;;;;
1626tommy_sem7_num33lado2;;;;;;;;;
1627tommy_sem7_num34lado1;;;;;;;;;
1628tommy_sem7_num34lado2;;;;;;;;;
1629tommy_sem7_num35lado1;;;;;;;;;
1630tommy_sem7_num35lado2;;;;;;;;;
1631tommy_sem7_num36lado1;;;;;;;;;
1632tommy_sem7_num36lado2;;;;;;;;;
1633tommy_sem7_num37lado1;;;;;;;;;
1634tommy_sem7_num37lado2;;;;;;;;;
1635tommy_sem7_num38lado1;;;;;;;;;
1636tommy_sem7_num38lado2;;;;;;;;;
1637tommy_sem7_num39lado1;;;;;;;;;
1638tommy_sem7_num39lado2;;;;;;;;;
1639tommy_sem7_num40lado1;;;;;;;;;
1640tommy_sem7_num40lado2;;;;;;;;;
1641tommy_sem7_num41lado1;;;;;;;;;
1642tommy_sem7_num41lado2;;;;;;;;;
1643tommy_sem7_num42lado1;;;;;;;;;
1644tommy_sem7_num42lado2;;;;;;;;;
1645tommy_sem7_num43lado1;;;;;;;;;
1646tommy_sem7_num43lado2;;;;;;;;;
1647tommy_sem7_num44lado1;;;;;;;;;
1648tommy_sem7_num44lado2;;;;;;;;;
1649tommy_sem7_num45lado1;;;;;;;;;
1650tommy_sem7_num45lado2;;;;;;;;;
1651tommy_sem7_num46lado1;;;;;;;;;
1652tommy_sem7_num46lado2;;;;;;;;;
1653tommy_sem7_num47lado1;;;;;;;;;
1654tommy_sem7_num47lado2;;;;;;;;;
1655tommy_sem7_num48lado1;;;;;;;;;
1656tommy_sem7_num48lado2;;;;;;;;;
1657tommy_sem7_num49lado1;;;;;;;;;
1658tommy_sem7_num49lado2;;;;;;;;;
1659tommy_sem7_num50lado1;;;;;;;;;
1660tommy_sem7_num50lado2;;;;;;;;;
1661tommy_sem7_num51lado1;;;;;;;;;
1662tommy_sem7_num51lado2;;;;;;;;;
1663tommy_sem7_num52lado1;;;;;;;;;
1664tommy_sem7_num52lado2;;;;;;;;;
1665tommy_sem7_num53lado1;;;;;;;;;
1666tommy_sem7_num53lado2;;;;;;;;;
1667tommy_sem7_num54lado1;;;;;;;;;
1668tommy_sem7_num54lado2;;;;;;;;;
1669tommy_sem7_num55lado1;;;;;;;;;
1670tommy_sem7_num55lado2;;;;;;;;;
1671tommy_sem7_num56lado1;;;;;;;;;
1672tommy_sem7_num56lado2;;;;;;;;;
1673tommy_sem7_num57lado1;;;;;;;;;
1674tommy_sem7_num57lado2;;;;;;;;;
1675tommy_sem7_num58lado1;;;;;;;;;
1676tommy_sem7_num58lado2;;;;;;;;;
1677tommy_sem7_num59lado1;;;;;;;;;
1678tommy_sem7_num59lado2;;;;;;;;;
1679tommy_sem7_num60lado1;;;;;;;;;
1680tommy_sem7_num60lado2;;;;;;;;;
